{
     "$schema": "http://schema.management.azure.com/schemas/2015-01-01/deploymentParameters.json#",
     "contentVersion": "3.2.0.0",
     "parameters": {
        "adminUsername": {
            "value": "azureuser"
        },
        "adminPassword": {
            "value": "GEN-UNIQUE"
        },
        "dnsLabel": {
            "value": "GEN-UNIQUE"
        },
        "instanceName": {
            "value": "f52nic"
        },
        "instanceType": {
            "value": "Standard_D2_v2"
        },
        "imageName": {
            "value": "Good"
        },
        "licenseKey1": {
        "value": "GEN-UNIQUE"
        },
        "tagValues": {
            "value": {
                "application": "APP",
                "environment": "ENV",
                "group": "GROUP",
                "owner": "OWNER",
                "cost": "COST"
            }
        },
        "webServer": {
            "value": "Both"
        }
     }
}
