{
    "$schema": "http://schema.management.azure.com/schemas/2015-01-01/deploymentParameters.json#",
    "contentVersion": "7.1.1.0",
    "parameters": {
        "adminUsername": {
            "value": "azureuser"
        },
        "authenticationType": {
            "value": "password"
        },
        "adminPasswordOrKey": {
            "value": ""
        },
        "dnsLabel": {
            "value": ""
        },
        "instanceName": {
            "value": "f5vm01"
        },
        "numberOfExternalIps": {
            "value": 1
        },
        "instanceType": {
            "value": "Standard_DS3_v2"
        },
        "imageName": {
            "value": "AllTwoBootLocations"
        },
        "bigIpVersion": {
            "value": "15.0.100000"
        },
        "bigIpModules": {
            "value": "ltm:nominal"
        },
        "licenseKey1": {
            "value": ""
        },
        "vnetAddressPrefix": {
            "value": "10.0"
        },
        "declarationUrl": {
            "value": "NOT_SPECIFIED"
        },
        "ntpServer": {
            "value": "0.pool.ntp.org"
        },
        "timeZone": {
            "value": "UTC"
        },
        "customImage": {
            "value": "OPTIONAL"
        },
        "restrictedSrcAddress": {
            "value": "*"
        },
        "tagValues": {
            "value": {
                "application": "APP",
                "cost": "COST",
                "environment": "ENV",
                "group": "GROUP",
                "owner": "OWNER"
            }
        },
        "allowUsageAnalytics": {
            "value": "Yes"
        }
    }
}