{
     "$schema": "http://schema.management.azure.com/schemas/2015-01-01/deploymentParameters.json#",
     "contentVersion": "3.2.0.0",
     "parameters": {
          "numberOfInstances": {
               "value": "2"
          },
          "instanceType": {
               "value": "Standard_A4"
          },
          "imageName": {
               "value": "Good"
          },
          "adminUsername": {
               "value": "azureuser"
          },
          "dnsLabel": {
               "value": "GEN-UNIQUE"
          },
          "licenseKey1": {
               "value": "GEN-UNIQUE"
          },
          "licenseKey2": {
               "value": "GEN-UNIQUE"
          },
          "applicationProtocols": {
               "value": "https-offload"
          },
          "applicationAddress": {
               "value": "GEN-UNIQUE"
          },
          "applicationPort": {
               "value": "80"
          },
          "applicationSecurePort": {
               "value": "443"
          },
          "vaultName": {
               "value": "GEN-UNIQUE"
          },
          "vaultResourceGroup": {
               "value": "GEN-UNIQUE"
          },
          "secretUrl": {
               "value": "GEN-UNIQUE"
          },
          "certThumbprint": {
               "value": "GEN-UNIQUE"
          },
          "restrictedSrcAddress": {
               "value": "*"
          },
          "tagValues": {
               "value": {
                    "application": "APP",
                    "environment": "ENV",
                    "group": "GROUP",
                    "owner": "OWNER",
                    "cost": "COST"
               }
         }
     }
}