{
    "$schema": "http://schema.management.azure.com/schemas/2015-01-01/deploymentParameters.json#",
    "contentVersion": "7.1.1.0",
    "parameters": {
        "adminUsername": {
            "value": "azureuser"
        },
        "adminPassword": {
            "value": ""
        },
        "vmRoleName": {
            "value": "Contributor"
        },
        "masterKey": {
            "value": ""
        },
        "dnsLabel": {
            "value": ""
        },
        "instanceName": {
            "value": "f5vm01"
        },
        "instanceType": {
            "value": "Standard_D4s_v3"
        },
        "bigIqVersion": {
            "value": "6.1.000000"
        },
        "bigIqLicenseKey1": {
            "value": ""
        },
        "bigIqLicenseKey2": {
            "value": ""
        },
        "licensePoolKeys": {
            "value": "Do_Not_Create"
        },
        "regPoolKeys": {
            "value": "Do_Not_Create"
        },
        "vnetAddressPrefix": {
            "value": "10.0"
        },
        "ntpServer": {
            "value": "0.pool.ntp.org"
        },
        "timeZone": {
            "value": "UTC"
        },
        "customImage": {
            "value": "OPTIONAL"
        },
        "restrictedSrcAddress": {
            "value": "*"
        },
        "tagValues": {
            "value": {
                "application": "APP",
                "cost": "COST",
                "environment": "ENV",
                "group": "GROUP",
                "owner": "OWNER"
            }
        },
        "allowUsageAnalytics": {
            "value": "Yes"
        }
    }
}