{
    "$schema": "http://schema.management.azure.com/schemas/2015-01-01/deploymentParameters.json#",
    "contentVersion": "7.1.1.0",
    "parameters": {
        "adminUsername": {
            "value": "azureuser"
        },
        "authenticationType": {
            "value": "password"
        },
        "adminPasswordOrKey": {
            "value": ""
        },
        "dnsLabel": {
            "value": ""
        },
        "instanceName": {
            "value": "f5vm01"
        },
        "numberOfExternalIps": {
            "value": 1
        },
        "instanceType": {
            "value": "Standard_DS3_v2"
        },
        "imageName": {
            "value": "Best1Gbps"
        },
        "bigIpVersion": {
            "value": "15.0.100000"
        },
        "bigIpModules": {
            "value": "ltm:nominal"
        },
        "vnetName": {
            "value": ""
        },
        "vnetResourceGroupName": {
            "value": ""
        },
        "mgmtSubnetName": {
            "value": ""
        },
        "mgmtIpAddressRangeStart": {
            "value": ""
        },
        "externalSubnetName": {
            "value": ""
        },
        "externalIpAddressRangeStart": {
            "value": ""
        },
        "externalIpSelfAddressRangeStart": {
            "value": ""
        },
        "internalSubnetName": {
            "value": ""
        },
        "internalIpAddressRangeStart": {
            "value": ""
        },
        "provisionPublicIP": {
            "value": "Yes"
        },
        "declarationUrl": {
            "value": "NOT_SPECIFIED"
        },
        "ntpServer": {
            "value": "0.pool.ntp.org"
        },
        "timeZone": {
            "value": "UTC"
        },
        "customImage": {
            "value": "OPTIONAL"
        },
        "restrictedSrcAddress": {
            "value": "*"
        },
        "tagValues": {
            "value": {
                "application": "APP",
                "cost": "COST",
                "environment": "ENV",
                "group": "GROUP",
                "owner": "OWNER"
            }
        },
        "allowUsageAnalytics": {
            "value": "Yes"
        },
        "numberOfAdditionalNics": {
            "value": 0
        },
        "additionalNicLocation": {
            "value": "OPTIONAL"
        },
        "managedRoutes": {
            "value": "NOT_SPECIFIED"
        },
        "tenantId": {
            "value": ""
        },
        "clientId": {
            "value": ""
        },
        "servicePrincipalSecret": {
            "value": ""
        }
    }
}