{
    "$schema": "https://schema.management.azure.com/schemas/2015-01-01/deploymentTemplate.json#",
    "contentVersion": "1.0.0.0",
    "parameters": {
        "userIdentityName": {
            "type": "string",
            "defaultValue": "myUserIdentity"
        }
    },
    "variables": {
        "userIdentityName": "[tolower(parameters('userIdentityName'))]"
    },
    "resources": [
        {
            "apiVersion": "2018-11-30",
            "location": "[resourceGroup().location]",
            "type": "Microsoft.ManagedIdentity/userAssignedIdentities",
            "name": "[variables('userIdentityName')]"
        }
    ],
    "outputs": {
        "userIdentityId": {
            "type": "string",
            "value": "[resourceID('Microsoft.ManagedIdentity/userAssignedIdentities/',variables('userIdentityName'))]"
        }
    }
}